"id","price","grams","district","gender","dish_type","month","season","youandme"
"8",2.5,NA,"Kracheh","female","sliced_fish","March","dry","self"
"8",5,NA,"Kracheh","female","sliced_fish","March","dry","others"
"9",2.5,NA,"Kracheh","male","sliced_fish","March","dry","self"
"9",5,NA,"Kracheh","male","sliced_fish","March","dry","others"
"14",2,NA,"Kracheh","female","pufferfish","March","dry","self"
"14",2,NA,"Kracheh","female","pufferfish","March","dry","others"
"17",2,NA,"Kracheh",NA,"chopped_fish","March","dry","self"
"17",2,NA,"Kracheh",NA,"chopped_fish","March","dry","others"
"19",2.5,NA,"Kracheh",NA,"sliced_fish","March","dry","self"
"19",5,NA,"Kracheh",NA,"sliced_fish","March","dry","others"
"19",1.5,NA,"Kracheh",NA,"pufferfish","March","dry","self"
"19",5,NA,"Kracheh",NA,"pufferfish","March","dry","others"
"24",2.5,NA,"Kracheh","male","sliced_fish","March","dry","self"
"24",5,NA,"Kracheh","male","sliced_fish","March","dry","others"
"24",1.5,NA,"Kracheh","male","pufferfish","March","dry","self"
"24",5,NA,"Kracheh","male","pufferfish","March","dry","others"
"26",2.5,NA,"Kracheh","male","pufferfish","March","dry","self"
"26",5,NA,"Kracheh","male","pufferfish","March","dry","others"
"37",1,NA,"Kracheh","male","chopped_fish","March","dry","self"
"37",5,NA,"Kracheh","male","chopped_fish","March","dry","others"
"40",2.5,NA,"Kracheh","female","chopped_fish","March","dry","self"
"40",1.5,NA,"Kracheh","female","chopped_fish","March","dry","others"
"40",5,NA,"Kracheh","female","sliced_fish","March","dry","self"
"40",10,NA,"Kracheh","female","sliced_fish","March","dry","others"
"41",5,NA,"Kracheh","female","chopped_fish","March","dry","others"
"41",2,NA,"Kracheh","female","sliced_fish","March","dry","self"
"41",5,NA,"Kracheh","female","sliced_fish","March","dry","others"
"42",1.5,NA,"Kracheh","female","chopped_fish","March","dry","self"
"42",1.5,NA,"Kracheh","female","chopped_fish","March","dry","others"
"47",1.25,NA,"Kracheh","male","chopped_fish","March","dry","self"
"47",5,NA,"Kracheh","male","chopped_fish","March","dry","others"
"48",1,NA,"Kracheh","male","chopped_fish","March","dry","self"
"48",5,NA,"Kracheh","male","chopped_fish","March","dry","others"
"48",2,NA,"Kracheh","male","sliced_fish","March","dry","self"
"48",5,NA,"Kracheh","male","sliced_fish","March","dry","others"
"51",2,NA,"Kracheh","male","pufferfish","March","dry","self"
"51",5,NA,"Kracheh","male","pufferfish","March","dry","others"
"56",1,NA,"Kracheh","male","chopped_fish","March","dry","self"
"56",2,NA,"Kracheh","male","chopped_fish","March","dry","others"
"60",1,NA,"Kracheh","male","chopped_fish","March","dry","self"
"60",2,NA,"Kracheh","male","chopped_fish","March","dry","others"
"61",2,NA,"Kracheh","male","sliced_fish","March","dry","self"
"61",20,NA,"Kracheh","male","sliced_fish","March","dry","others"
"66",2,NA,"Kracheh","male","chopped_fish","March","dry","self"
"66",5,NA,"Kracheh","male","chopped_fish","March","dry","others"
"66",2,NA,"Kracheh","male","sliced_fish","March","dry","self"
"66",5,NA,"Kracheh","male","sliced_fish","March","dry","others"
"71",2.5,NA,"Kracheh","male","pufferfish","March","dry","self"
"71",23,NA,"Kracheh","male","pufferfish","March","dry","others"
"72",2,NA,"Kracheh","male","sliced_fish","March","dry","self"
"72",10,NA,"Kracheh","male","sliced_fish","March","dry","others"
"73",2.5,NA,"Kracheh","male","chopped_fish","March","dry","self"
"76",1,NA,"Kracheh",NA,"chopped_fish","March","dry","self"
"76",3,NA,"Kracheh",NA,"chopped_fish","March","dry","others"
"77",1,NA,"Kracheh","female","chopped_fish","March","dry","self"
"77",3,NA,"Kracheh","female","chopped_fish","March","dry","others"
"78",2.5,NA,"Kracheh","female","chopped_fish","March","dry","self"
"78",10,NA,"Kracheh","female","chopped_fish","March","dry","others"
"78",5,NA,"Kracheh","female","sliced_fish","March","dry","self"
"78",15,NA,"Kracheh","female","sliced_fish","March","dry","others"
"79",2.5,NA,"Kracheh","female","chopped_fish","March","dry","self"
"79",7.5,NA,"Kracheh","female","chopped_fish","March","dry","others"
"81",7.5,NA,"Kracheh","male","chopped_fish","March","dry","self"
"81",7.5,NA,"Kracheh","male","chopped_fish","March","dry","others"
"83",1,NA,"Kracheh","male","chopped_fish","March","dry","self"
"83",2,NA,"Kracheh","male","chopped_fish","March","dry","others"
"83",1,NA,"Kracheh","male","sliced_fish","March","dry","self"
"83",2,NA,"Kracheh","male","sliced_fish","March","dry","others"
"85",2,NA,"Kracheh","female","chopped_fish","March","dry","self"
"86",1.25,NA,"Kracheh","male","chopped_fish","March","dry","self"
"86",5,NA,"Kracheh","male","chopped_fish","March","dry","others"
"90",0.75,NA,"Kracheh","male","chopped_fish","March","dry","self"
"90",2,NA,"Kracheh","male","chopped_fish","March","dry","others"
"90",1,NA,"Kracheh","male","sliced_fish","March","dry","self"
"90",3.5,NA,"Kracheh","male","sliced_fish","March","dry","others"
"91",4,NA,"Kracheh","female","pufferfish","March","dry","self"
"91",8,NA,"Kracheh","female","pufferfish","March","dry","others"
"93",1,NA,"Kracheh","male","chopped_fish","March","dry","self"
"93",2,NA,"Kracheh","male","chopped_fish","March","dry","others"
"94",1,NA,"Kracheh","female","chopped_fish","March","dry","self"
"94",2,NA,"Kracheh","female","chopped_fish","March","dry","others"
"97",5,NA,"Kracheh","male","chopped_fish","March","dry","self"
"97",10,NA,"Kracheh","male","chopped_fish","March","dry","others"
"98",10.5,NA,"Kracheh","male","chopped_fish","March","dry","self"
"98",20.5,NA,"Kracheh","male","chopped_fish","March","dry","others"
"999",8,NA,"Kracheh","male","chopped_fish","March","dry","others"
"105",1,NA,"Kracheh",NA,"chopped_fish","March","dry","self"
"105",4,NA,"Kracheh",NA,"chopped_fish","March","dry","others"
"106",1,NA,"Kracheh",NA,"chopped_fish","March","dry","self"
"106",5,NA,"Kracheh",NA,"chopped_fish","March","dry","others"
"106",1.5,NA,"Kracheh",NA,"sliced_fish","March","dry","self"
"106",70,NA,"Kracheh",NA,"sliced_fish","March","dry","others"
"106",0.75,NA,"Kracheh",NA,"pufferfish","March","dry","self"
"106",4,NA,"Kracheh",NA,"pufferfish","March","dry","others"
"108",2.5,NA,"Kracheh","female","chopped_fish","March","dry","self"
"108",7,NA,"Kracheh","female","chopped_fish","March","dry","others"
"115",2.5,NA,"Kracheh","female","chopped_fish","March","dry","self"
"115",5,NA,"Kracheh","female","chopped_fish","March","dry","others"
"116",2.5,NA,"Kracheh","male","chopped_fish","March","dry","self"
"116",1.5,NA,"Kracheh","male","chopped_fish","March","dry","others"
"116",5,NA,"Kracheh","male","sliced_fish","March","dry","self"
"116",10,NA,"Kracheh","male","sliced_fish","March","dry","others"
"117",20,NA,"Chhloung","male","chopped_fish","March","dry","self"
"117",25,NA,"Chhloung","male","chopped_fish","March","dry","others"
"117",17.5,NA,"Chhloung","male","sliced_fish","March","dry","self"
"117",15,NA,"Chhloung","male","sliced_fish","March","dry","others"
"118",14,NA,"Chhloung","male","chopped_fish","March","dry","self"
"118",35,NA,"Chhloung","male","chopped_fish","March","dry","others"
"118",15,NA,"Chhloung","male","sliced_fish","March","dry","self"
"118",40,NA,"Chhloung","male","sliced_fish","March","dry","others"
"128",2.5,NA,"Chhloung","female","chopped_fish","March","dry","self"
"135",2,NA,"Preaek Prasab","male","chopped_fish","March","dry","self"
"135",55,NA,"Preaek Prasab","male","chopped_fish","March","dry","others"
"138",5,NA,"Preaek Prasab",NA,"chopped_fish","March","dry","self"
"138",10,NA,"Preaek Prasab",NA,"chopped_fish","March","dry","others"
"139",5,NA,"Preaek Prasab","female","chopped_fish","March","dry","self"
"139",10,NA,"Preaek Prasab","female","chopped_fish","March","dry","others"
"142",1,NA,"Preaek Prasab","male","chopped_fish","March","dry","self"
"142",5,NA,"Preaek Prasab","male","chopped_fish","March","dry","others"
"143",1,NA,"Preaek Prasab","male","chopped_fish","March","dry","self"
"143",5,NA,"Preaek Prasab","male","chopped_fish","March","dry","others"
"144",2.5,NA,"Preaek Prasab","female","chopped_fish","March","dry","self"
"144",5,NA,"Preaek Prasab","female","chopped_fish","March","dry","others"
"146",10,NA,"Preaek Prasab","male","chopped_fish","March","dry","self"
"146",20,NA,"Preaek Prasab","male","chopped_fish","March","dry","others"
"147",2.5,NA,"Kracheh",NA,"sliced_fish","March","dry","self"
"147",5,NA,"Kracheh",NA,"sliced_fish","March","dry","others"
"147",1.5,NA,"Kracheh",NA,"pufferfish","March","dry","self"
"147",5,NA,"Kracheh",NA,"pufferfish","March","dry","others"
"150",1,NA,"Preaek Prasab","female","chopped_fish","March","dry","self"
"150",3,NA,"Preaek Prasab","female","chopped_fish","March","dry","others"
"150",1,NA,"Preaek Prasab","female","sliced_fish","March","dry","self"
"150",4,NA,"Preaek Prasab","female","sliced_fish","March","dry","others"
"151",5,NA,"Preaek Prasab","male","chopped_fish","March","dry","self"
"151",15,NA,"Preaek Prasab","male","chopped_fish","March","dry","others"
"152",10,NA,"Preaek Prasab","male","pufferfish","March","dry","self"
"152",20,NA,"Preaek Prasab","male","pufferfish","March","dry","others"
"153",10,NA,"Preaek Prasab","male","chopped_fish","March","dry","self"
"153",20,NA,"Preaek Prasab","male","chopped_fish","March","dry","others"
"153",10,NA,"Preaek Prasab","male","pufferfish","March","dry","self"
"153",20,NA,"Preaek Prasab","male","pufferfish","March","dry","others"
"154",3,NA,"Preaek Prasab","male","sliced_fish","March","dry","self"
"154",5,NA,"Preaek Prasab","male","sliced_fish","March","dry","others"
"155",1,NA,"Preaek Prasab","male","chopped_fish","March","dry","self"
"155",5,NA,"Preaek Prasab","male","chopped_fish","March","dry","others"
"155",4,NA,"Preaek Prasab","male","pufferfish","March","dry","self"
"155",10,NA,"Preaek Prasab","male","pufferfish","March","dry","others"
"156",10,NA,"Kracheh","male","chopped_fish","March","dry","self"
"156",38,NA,"Kracheh","male","chopped_fish","March","dry","others"
"158",2.5,NA,"Preaek Prasab","male","chopped_fish","March","dry","self"
"158",5,NA,"Preaek Prasab","male","chopped_fish","March","dry","others"
"158",5,NA,"Preaek Prasab","male","sliced_fish","March","dry","self"
"158",10,NA,"Preaek Prasab","male","sliced_fish","March","dry","others"
"160",1,NA,"Preaek Prasab","female","chopped_fish","March","dry","self"
"160",2,NA,"Preaek Prasab","female","chopped_fish","March","dry","others"
"169",2.5,NA,"Sambour","male","chopped_fish","March","dry","self"
"169",5,NA,"Sambour","male","chopped_fish","March","dry","others"
"170",3,NA,"Sambour",NA,"chopped_fish","March","dry","self"
"170",5,NA,"Sambour",NA,"chopped_fish","March","dry","others"
"170",10,NA,"Sambour",NA,"pufferfish","March","dry","self"
"170",20,NA,"Sambour",NA,"pufferfish","March","dry","others"
"171",2.5,NA,"Sambour","female","chopped_fish","March","dry","self"
"172",5,NA,"Sambour","female","chopped_fish","March","dry","self"
"173",1,NA,"Sambour","male","chopped_fish","March","dry","self"
"175",4,NA,"Sambour",NA,"chopped_fish","March","dry","self"
"175",8,NA,"Sambour",NA,"chopped_fish","March","dry","others"
"176",3,NA,"Sambour","female","pufferfish","March","dry","self"
"176",8,NA,"Sambour","female","pufferfish","March","dry","others"
"178",2.5,NA,"Sambour","female","chopped_fish","March","dry","self"
"178",10,NA,"Sambour","female","chopped_fish","March","dry","others"
"179",10,NA,"Sambour","male","chopped_fish","March","dry","self"
"179",20,NA,"Sambour","male","chopped_fish","March","dry","others"
"179",1,NA,"Sambour","male","pufferfish","March","dry","self"
"179",5,NA,"Sambour","male","pufferfish","March","dry","others"
"184",1,NA,"Kracheh","male","chopped_fish","March","dry","self"
"184",5,NA,"Kracheh","male","chopped_fish","March","dry","others"
"184",5,NA,"Kracheh","male","sliced_fish","March","dry","self"
"184",10,NA,"Kracheh","male","sliced_fish","March","dry","others"
"185",1.25,NA,"Sambour","female","chopped_fish","March","dry","self"
"185",2.5,NA,"Sambour","female","chopped_fish","March","dry","others"
"185",2,NA,"Sambour","female","sliced_fish","March","dry","self"
"185",10,NA,"Sambour","female","sliced_fish","March","dry","others"
"186",1,NA,"Sambour","female","chopped_fish","March","dry","self"
"186",5,NA,"Sambour","female","chopped_fish","March","dry","others"
"186",15,NA,"Sambour","female","pufferfish","March","dry","self"
"186",20,NA,"Sambour","female","pufferfish","March","dry","others"
"187",2,NA,"Sambour","male","chopped_fish","March","dry","self"
"187",4,NA,"Sambour","male","chopped_fish","March","dry","others"
"189",1.5,NA,"Sambour","male","chopped_fish","March","dry","self"
"189",5,NA,"Sambour","male","chopped_fish","March","dry","others"
"189",1.5,NA,"Sambour","male","sliced_fish","March","dry","self"
"189",5,NA,"Sambour","male","sliced_fish","March","dry","others"
"192",5,NA,"Sambour",NA,"chopped_fish","March","dry","others"
"193",8,NA,"Chhloung","female","chopped_fish","March","dry","self"
"193",15,NA,"Chhloung","female","chopped_fish","March","dry","others"
"194",2.5,NA,"Sambour","female","chopped_fish","March","dry","self"
"194",5,NA,"Sambour","female","chopped_fish","March","dry","others"
"194",10,NA,"Sambour","female","sliced_fish","March","dry","self"
"194",15,NA,"Sambour","female","sliced_fish","March","dry","others"
"195",2.5,NA,"Sambour","male","chopped_fish","March","dry","self"
"195",5,NA,"Sambour","male","chopped_fish","March","dry","others"
"195",7,NA,"Sambour","male","sliced_fish","March","dry","self"
"195",18,NA,"Sambour","male","sliced_fish","March","dry","others"
"196",2.5,NA,"Sambour","female","chopped_fish","March","dry","self"
"196",5,NA,"Sambour","female","chopped_fish","March","dry","others"
"197",2.5,NA,"Sambour","male","chopped_fish","March","dry","self"
"197",5,NA,"Sambour","male","chopped_fish","March","dry","others"
"197",2.5,NA,"Sambour","male","sliced_fish","March","dry","self"
"197",5,NA,"Sambour","male","sliced_fish","March","dry","others"
"202",4,NA,"Chhloung","female","sliced_fish","March","dry","self"
"202",20,NA,"Chhloung","female","sliced_fish","March","dry","others"
"203",2,NA,"Sambour","male","chopped_fish","March","dry","self"
"203",5,NA,"Sambour","male","chopped_fish","March","dry","others"
"203",2,NA,"Sambour","male","pufferfish","March","dry","self"
"203",5,NA,"Sambour","male","pufferfish","March","dry","others"
"206",2,NA,"Sambour","male","chopped_fish","March","dry","self"
"211",2,NA,"Chhloung","male","chopped_fish","March","dry","self"
"212",2,NA,"Chhloung","male","chopped_fish","March","dry","self"
"214",5,NA,"Chhloung","female","chopped_fish","March","dry","self"
"214",10,NA,"Chhloung","female","chopped_fish","March","dry","others"
"214",2,NA,"Chhloung","female","pufferfish","March","dry","self"
"214",16,NA,"Chhloung","female","pufferfish","March","dry","others"
"215",4,NA,"Kracheh","female","chopped_fish","March","dry","self"
"215",8,NA,"Kracheh","female","chopped_fish","March","dry","others"
"216",1,NA,"Kracheh","male","chopped_fish","March","dry","self"
"216",2,NA,"Kracheh","male","chopped_fish","March","dry","others"
"219",10,NA,"Kracheh","female","sliced_fish","March","dry","self"
"219",5,NA,"Kracheh","female","sliced_fish","March","dry","others"
"221",10,NA,"Kracheh","female","chopped_fish","March","dry","self"
"221",50,NA,"Kracheh","female","chopped_fish","March","dry","others"
"221",5,NA,"Kracheh","female","sliced_fish","March","dry","self"
"221",10,NA,"Kracheh","female","sliced_fish","March","dry","others"
"222",5,NA,"Kracheh","female","sliced_fish","March","dry","self"
"222",10,NA,"Kracheh","female","sliced_fish","March","dry","others"
"223",7,NA,"Kracheh","female","chopped_fish","March","dry","self"
"223",15,NA,"Kracheh","female","chopped_fish","March","dry","others"
"223",5,NA,"Kracheh","female","sliced_fish","March","dry","self"
"223",10,NA,"Kracheh","female","sliced_fish","March","dry","others"
"224",2.5,NA,"Kracheh","female","chopped_fish","March","dry","self"
"224",7.5,NA,"Kracheh","female","chopped_fish","March","dry","others"
"224",2,NA,"Kracheh","female","sliced_fish","March","dry","self"
"224",5,NA,"Kracheh","female","sliced_fish","March","dry","others"
"224",2,NA,"Kracheh","female","pufferfish","March","dry","self"
"224",5,NA,"Kracheh","female","pufferfish","March","dry","others"
"225",5,NA,"Kracheh","male","chopped_fish","March","dry","self"
"225",10,NA,"Kracheh","male","chopped_fish","March","dry","others"
"227",3,NA,"Kracheh","male","sliced_fish","March","dry","self"
"227",5,NA,"Kracheh","male","sliced_fish","March","dry","others"
"228",1.5,NA,"Kracheh","male","pufferfish","March","dry","self"
"228",3,NA,"Kracheh","male","pufferfish","March","dry","others"
"231",1,NA,"Kracheh","male","chopped_fish","March","dry","self"
"231",1.5,NA,"Kracheh","male","chopped_fish","March","dry","others"
"231",2,NA,"Kracheh","male","sliced_fish","March","dry","self"
"231",2.5,NA,"Kracheh","male","sliced_fish","March","dry","others"
"232",1,NA,"Kracheh","male","chopped_fish","March","dry","self"
"232",2,NA,"Kracheh","male","chopped_fish","March","dry","others"
"232",2.5,NA,"Kracheh","male","sliced_fish","March","dry","self"
"232",3.75,NA,"Kracheh","male","sliced_fish","March","dry","others"
"232",1,NA,"Kracheh","male","pufferfish","March","dry","self"
"232",2.5,NA,"Kracheh","male","pufferfish","March","dry","others"
"235",2,NA,"Kracheh","female","chopped_fish","March","dry","self"
"235",5,NA,"Kracheh","female","chopped_fish","March","dry","others"
"235",2,NA,"Kracheh","female","sliced_fish","March","dry","self"
"235",5,NA,"Kracheh","female","sliced_fish","March","dry","others"
"236",1,NA,"Kracheh","female","chopped_fish","March","dry","self"
"236",2,NA,"Kracheh","female","chopped_fish","March","dry","others"
"237",5,NA,"Kracheh","female","chopped_fish","March","dry","self"
"237",1,NA,"Kracheh","female","chopped_fish","March","dry","others"
"238",0.75,NA,"Kracheh","female","chopped_fish","March","dry","self"
"238",2.5,NA,"Kracheh","female","chopped_fish","March","dry","others"
"239",0.15,NA,"Kracheh","female","chopped_fish","March","dry","self"
"239",2.25,NA,"Kracheh","female","chopped_fish","March","dry","others"
"240",0.25,NA,"Kracheh","female","chopped_fish","March","dry","self"
"240",1,NA,"Kracheh","female","chopped_fish","March","dry","others"
"240",0.5,NA,"Kracheh","female","sliced_fish","March","dry","self"
"240",2.5,NA,"Kracheh","female","sliced_fish","March","dry","others"
"240",1,NA,"Kracheh","female","pufferfish","March","dry","self"
"240",1,NA,"Kracheh","female","pufferfish","March","dry","others"
"241",0.75,NA,"Kracheh","female","chopped_fish","March","dry","self"
"241",4,NA,"Kracheh","female","chopped_fish","March","dry","others"
"241",2.5,NA,"Kracheh","female","sliced_fish","March","dry","self"
"241",5,NA,"Kracheh","female","sliced_fish","March","dry","others"
"241",0.75,NA,"Kracheh","female","pufferfish","March","dry","self"
"241",1.5,NA,"Kracheh","female","pufferfish","March","dry","others"
"242",0.75,NA,"Kracheh","female","pufferfish","March","dry","self"
"242",3,NA,"Kracheh","female","pufferfish","March","dry","others"
"244",2,NA,"Kracheh","female","pufferfish","March","dry","self"
"244",5,NA,"Kracheh","female","pufferfish","March","dry","others"
"246",0.5,NA,"Kracheh","female","chopped_fish","March","dry","self"
"246",3,NA,"Kracheh","female","chopped_fish","March","dry","others"
"248",2,NA,"Kracheh","female","chopped_fish","March","dry","self"
"248",3,NA,"Kracheh","female","chopped_fish","March","dry","others"
"248",2,NA,"Kracheh","female","sliced_fish","March","dry","self"
"248",3,NA,"Kracheh","female","sliced_fish","March","dry","others"
"249",1,NA,"Kracheh","female","pufferfish","March","dry","self"
"249",2,NA,"Kracheh","female","pufferfish","March","dry","others"
"250",2,NA,"Kracheh","female","chopped_fish","March","dry","self"
"250",5,NA,"Kracheh","female","chopped_fish","March","dry","others"
"250",5,NA,"Kracheh","female","sliced_fish","March","dry","self"
"250",15,NA,"Kracheh","female","sliced_fish","March","dry","others"
"251",3,NA,"Kracheh","female","chopped_fish","March","dry","self"
"251",2,NA,"Kracheh","female","chopped_fish","March","dry","others"
"251",5,NA,"Kracheh","female","sliced_fish","March","dry","self"
"251",15,NA,"Kracheh","female","sliced_fish","March","dry","others"
"252",1,NA,"Kracheh","female","chopped_fish","March","dry","self"
"252",3,NA,"Kracheh","female","chopped_fish","March","dry","others"
"252",5,NA,"Kracheh","female","sliced_fish","March","dry","self"
"252",15,NA,"Kracheh","female","sliced_fish","March","dry","others"
"253",1,NA,"Kracheh","female","chopped_fish","March","dry","self"
"253",2.5,NA,"Kracheh","female","chopped_fish","March","dry","others"
"253",1,NA,"Kracheh","female","sliced_fish","March","dry","self"
"253",2,NA,"Kracheh","female","sliced_fish","March","dry","others"
"256",25,NA,"Kracheh","female","chopped_fish","March","dry","self"
"256",2.5,NA,"Kracheh","female","chopped_fish","March","dry","others"
"257",2.5,NA,"Kracheh","female","pufferfish","March","dry","self"
"257",2.5,NA,"Kracheh","female","pufferfish","March","dry","others"
"258",1,NA,"Kracheh","female","chopped_fish","March","dry","self"
"258",1.5,NA,"Kracheh","female","chopped_fish","March","dry","others"
"259",1.5,NA,"Kracheh","female","chopped_fish","March","dry","self"
"259",5,NA,"Kracheh","female","chopped_fish","March","dry","others"
"259",1.5,NA,"Kracheh","female","sliced_fish","March","dry","self"
"259",5,NA,"Kracheh","female","sliced_fish","March","dry","others"
"259",2,NA,"Kracheh","female","pufferfish","March","dry","self"
"260",1,NA,"Kracheh","female","chopped_fish","March","dry","self"
"260",2,NA,"Kracheh","female","chopped_fish","March","dry","others"
"260",2,NA,"Kracheh","female","sliced_fish","March","dry","self"
"260",6,NA,"Kracheh","female","sliced_fish","March","dry","others"
"263",2,NA,"Kracheh","female","chopped_fish","March","dry","self"
"263",5,NA,"Kracheh","female","chopped_fish","March","dry","others"
"263",1.5,NA,"Kracheh","female","pufferfish","March","dry","self"
"263",1.5,NA,"Kracheh","female","pufferfish","March","dry","others"
"266",10,NA,"Kracheh","female","chopped_fish","March","dry","self"
"266",50,NA,"Kracheh","female","chopped_fish","March","dry","others"
"267",5,NA,"Kracheh","female","sliced_fish","March","dry","self"
"267",6,NA,"Kracheh","female","sliced_fish","March","dry","others"
"268",3,NA,"Kracheh","female","chopped_fish","March","dry","self"
"268",5,NA,"Kracheh","female","chopped_fish","March","dry","others"
"269",2.5,NA,"Kracheh","female","sliced_fish","March","dry","self"
"269",2.5,NA,"Kracheh","female","sliced_fish","March","dry","others"
"270",1,NA,"Kracheh","female","chopped_fish","March","dry","self"
"270",3.75,NA,"Kracheh","female","chopped_fish","March","dry","others"
"270",1,NA,"Kracheh","female","sliced_fish","March","dry","self"
"270",6.25,NA,"Kracheh","female","sliced_fish","March","dry","others"
"271",1.5,NA,"Kracheh","female","chopped_fish","March","dry","self"
"271",3.75,NA,"Kracheh","female","chopped_fish","March","dry","others"
"273",3,NA,"Kracheh","male","sliced_fish","March","dry","self"
"273",3,NA,"Kracheh","male","sliced_fish","March","dry","others"
"273",1,NA,"Kracheh","male","pufferfish","March","dry","self"
"273",3,NA,"Kracheh","male","pufferfish","March","dry","others"
"274",2,NA,"Kracheh","male","sliced_fish","March","dry","others"
"274",1.5,NA,"Kracheh","male","pufferfish","March","dry","self"
"274",1.5,NA,"Kracheh","male","pufferfish","March","dry","others"
"277",1,NA,"Kracheh","male","chopped_fish","March","dry","self"
"277",1,NA,"Kracheh","male","chopped_fish","March","dry","others"
"277",1,NA,"Kracheh","male","sliced_fish","March","dry","self"
"277",1,NA,"Kracheh","male","sliced_fish","March","dry","others"
"278",2,NA,"Kracheh","male","chopped_fish","March","dry","self"
"278",5,NA,"Kracheh","male","chopped_fish","March","dry","others"
"278",2,NA,"Kracheh","male","sliced_fish","March","dry","self"
"278",5,NA,"Kracheh","male","sliced_fish","March","dry","others"
"278",1,NA,"Kracheh","male","pufferfish","March","dry","self"
"278",5,NA,"Kracheh","male","pufferfish","March","dry","others"
"279",1,NA,"Kracheh","male","chopped_fish","March","dry","self"
"279",1,NA,"Kracheh","male","chopped_fish","March","dry","others"
"279",1,NA,"Kracheh","male","pufferfish","March","dry","self"
"279",6,NA,"Kracheh","male","pufferfish","March","dry","others"
"280",1.5,NA,"Kracheh","male","chopped_fish","March","dry","self"
"280",5,NA,"Kracheh","male","chopped_fish","March","dry","others"
"280",2.5,NA,"Kracheh","male","sliced_fish","March","dry","self"
"280",10,NA,"Kracheh","male","sliced_fish","March","dry","others"
"280",1,NA,"Kracheh","male","pufferfish","March","dry","self"
"280",1,NA,"Kracheh","male","pufferfish","March","dry","others"
"281",1,NA,"Kracheh","male","chopped_fish","March","dry","self"
"281",3,NA,"Kracheh","male","chopped_fish","March","dry","others"
"281",1,NA,"Kracheh","male","pufferfish","March","dry","self"
"281",2,NA,"Kracheh","male","pufferfish","March","dry","others"
"282",1,NA,"Kracheh","male","chopped_fish","March","dry","self"
"282",2,NA,"Kracheh","male","chopped_fish","March","dry","others"
"282",2,NA,"Kracheh","male","sliced_fish","March","dry","self"
"282",5,NA,"Kracheh","male","sliced_fish","March","dry","others"
"282",5,NA,"Kracheh","male","pufferfish","March","dry","self"
"282",10,NA,"Kracheh","male","pufferfish","March","dry","others"
"283",1,NA,"Kracheh","male","chopped_fish","March","dry","self"
"283",5,NA,"Kracheh","male","chopped_fish","March","dry","others"
"283",2,NA,"Kracheh","male","sliced_fish","March","dry","self"
"283",15,NA,"Kracheh","male","sliced_fish","March","dry","others"
"283",2,NA,"Kracheh","male","pufferfish","March","dry","self"
"283",5,NA,"Kracheh","male","pufferfish","March","dry","others"
"285",5,NA,"Kracheh","male","sliced_fish","March","dry","self"
"285",9,NA,"Kracheh","male","sliced_fish","March","dry","others"
"286",5,NA,"Kracheh","male","sliced_fish","March","dry","self"
"286",7.5,NA,"Kracheh","male","sliced_fish","March","dry","others"
"288",1,NA,"Chhloung","male","chopped_fish","March","dry","self"
"288",1.5,NA,"Chhloung","male","chopped_fish","March","dry","others"
"289",3,NA,"Chhloung","male","pufferfish","March","dry","self"
"289",5,NA,"Chhloung","male","pufferfish","March","dry","others"
"295",2.5,NA,"Chhloung","male","chopped_fish","March","dry","others"
"295",1,NA,"Chhloung","male","sliced_fish","March","dry","self"
"295",4,NA,"Chhloung","male","sliced_fish","March","dry","others"
"297",2,NA,"Chhloung","male","chopped_fish","March","dry","self"
"297",5,NA,"Chhloung","male","chopped_fish","March","dry","others"
"297",2,NA,"Chhloung","male","sliced_fish","March","dry","self"
"297",5,NA,"Chhloung","male","sliced_fish","March","dry","others"
"299",3,NA,"Chhloung","male","chopped_fish","March","dry","self"
"299",2,NA,"Chhloung","male","sliced_fish","March","dry","self"
"299",5,NA,"Chhloung","male","sliced_fish","March","dry","others"
"299",2,NA,"Chhloung","male","pufferfish","March","dry","self"
"299",4,NA,"Chhloung","male","pufferfish","March","dry","others"
"300",5,NA,"Chhloung","male","chopped_fish","March","dry","self"
"300",12,NA,"Chhloung","male","chopped_fish","March","dry","others"
"300",5,NA,"Chhloung","male","sliced_fish","March","dry","self"
"300",20,NA,"Chhloung","male","sliced_fish","March","dry","others"
"302",2,NA,"Chhloung","male","chopped_fish","March","dry","self"
"302",5,NA,"Chhloung","male","chopped_fish","March","dry","others"
"302",1,NA,"Chhloung","male","pufferfish","March","dry","self"
"302",3,NA,"Chhloung","male","pufferfish","March","dry","others"
"306",2,NA,"Chhloung","male","sliced_fish","March","dry","self"
"306",4,NA,"Chhloung","male","sliced_fish","March","dry","others"
"307",5,NA,"Chhloung","male","chopped_fish","March","dry","self"
"307",10,NA,"Chhloung","male","chopped_fish","March","dry","others"
"308",2,NA,"Chhloung","male","chopped_fish","March","dry","self"
"308",3,NA,"Chhloung","male","chopped_fish","March","dry","others"
"309",5,NA,"Chhloung","male","sliced_fish","March","dry","self"
"309",7,NA,"Chhloung","male","sliced_fish","March","dry","others"
"312",3,NA,"Chhloung","male","chopped_fish","March","dry","self"
"312",10,NA,"Chhloung","male","chopped_fish","March","dry","others"
"314",2,NA,"Chhloung","male","chopped_fish","March","dry","self"
"314",5,NA,"Chhloung","male","chopped_fish","March","dry","others"
"314",5,NA,"Chhloung","male","sliced_fish","March","dry","self"
"314",15,NA,"Chhloung","male","sliced_fish","March","dry","others"
"314",5,NA,"Chhloung","male","pufferfish","March","dry","self"
"314",10,NA,"Chhloung","male","pufferfish","March","dry","others"
"315",1,NA,"Chhloung","female","chopped_fish","March","dry","self"
"315",5,NA,"Chhloung","female","chopped_fish","March","dry","others"
"319",2,NA,"Chhloung","female","chopped_fish","March","dry","self"
"319",5,NA,"Chhloung","female","chopped_fish","March","dry","others"
"319",2,NA,"Chhloung","female","sliced_fish","March","dry","self"
"319",5,NA,"Chhloung","female","sliced_fish","March","dry","others"
"321",2,NA,"Chhloung","female","chopped_fish","March","dry","self"
"321",4,NA,"Chhloung","female","chopped_fish","March","dry","others"
"321",2,NA,"Chhloung","female","sliced_fish","March","dry","self"
"321",5,NA,"Chhloung","female","sliced_fish","March","dry","others"
"322",4,NA,"Chhloung","female","chopped_fish","March","dry","others"
"325",1.5,NA,"Chhloung","female","chopped_fish","March","dry","self"
"325",2.5,NA,"Chhloung","female","chopped_fish","March","dry","others"
"325",3,NA,"Chhloung","female","sliced_fish","March","dry","self"
"325",6,NA,"Chhloung","female","sliced_fish","March","dry","others"
"327",1,NA,"Chhloung","male","chopped_fish","March","dry","self"
"327",2.5,NA,"Chhloung","male","chopped_fish","March","dry","others"
"331",2,NA,"Chhloung","female","pufferfish","March","dry","self"
"331",3,NA,"Chhloung","female","pufferfish","March","dry","others"
"332",2,NA,"Chhloung","female","chopped_fish","March","dry","self"
"332",5,NA,"Chhloung","female","chopped_fish","March","dry","others"
"332",1,NA,"Chhloung","female","sliced_fish","March","dry","self"
"332",1.5,NA,"Chhloung","female","sliced_fish","March","dry","others"
"335",3,NA,"Chhloung","female","chopped_fish","March","dry","self"
"335",10,NA,"Chhloung","female","chopped_fish","March","dry","others"
"344",5,NA,"Stueng Traeng","male","sliced_fish","March","dry","self"
"344",10,NA,"Stueng Traeng","male","sliced_fish","March","dry","others"
"345",2,NA,"Stueng Traeng","male","chopped_fish","March","dry","self"
"345",5,NA,"Stueng Traeng","male","chopped_fish","March","dry","others"
"346",1,NA,"Stueng Traeng","male","chopped_fish","March","dry","self"
"346",2.5,NA,"Stueng Traeng","male","chopped_fish","March","dry","others"
"347",1,NA,"Stueng Traeng","male","chopped_fish","March","dry","self"
"347",2.5,NA,"Stueng Traeng","male","chopped_fish","March","dry","others"
"347",1,NA,"Stueng Traeng","male","sliced_fish","March","dry","self"
"347",5,NA,"Stueng Traeng","male","sliced_fish","March","dry","others"
"348",1,NA,"Stueng Traeng","male","chopped_fish","March","dry","self"
"348",3,NA,"Stueng Traeng","male","chopped_fish","March","dry","others"
"348",1,NA,"Stueng Traeng","male","sliced_fish","March","dry","self"
"348",2,NA,"Stueng Traeng","male","sliced_fish","March","dry","others"
"349",1,NA,"Stueng Traeng","male","chopped_fish","March","dry","self"
"349",2.5,NA,"Stueng Traeng","male","chopped_fish","March","dry","others"
"349",1,NA,"Stueng Traeng","male","sliced_fish","March","dry","self"
"349",3,NA,"Stueng Traeng","male","sliced_fish","March","dry","others"
"350",10,NA,"Stueng Traeng","male","chopped_fish","March","dry","self"
"350",10,NA,"Stueng Traeng","male","chopped_fish","March","dry","others"
"350",5,NA,"Stueng Traeng","male","sliced_fish","March","dry","self"
"350",5,NA,"Stueng Traeng","male","sliced_fish","March","dry","others"
"352",15,NA,"Stueng Traeng","male","chopped_fish","March","dry","others"
"352",15,NA,"Stueng Traeng","male","sliced_fish","March","dry","others"
"352",1,NA,"Stueng Traeng","male","pufferfish","March","dry","self"
"352",3,NA,"Stueng Traeng","male","pufferfish","March","dry","others"
"353",3,NA,"Stueng Traeng","male","chopped_fish","March","dry","self"
"353",15,NA,"Stueng Traeng","male","chopped_fish","March","dry","others"
"353",5,NA,"Stueng Traeng","male","sliced_fish","March","dry","self"
"353",2.5,NA,"Stueng Traeng","male","sliced_fish","March","dry","others"
"354",1,NA,"Stueng Traeng","male","chopped_fish","March","dry","self"
"354",1,NA,"Stueng Traeng","male","chopped_fish","March","dry","others"
"354",1,NA,"Stueng Traeng","male","sliced_fish","March","dry","others"
"355",1.25,NA,"Stueng Traeng","male","chopped_fish","March","dry","self"
"355",2,NA,"Stueng Traeng","male","chopped_fish","March","dry","others"
"355",1.5,NA,"Stueng Traeng","male","sliced_fish","March","dry","self"
"355",12,NA,"Stueng Traeng","male","sliced_fish","March","dry","others"
"356",0.25,NA,"Stueng Traeng","male","chopped_fish","March","dry","self"
"356",0.75,NA,"Stueng Traeng","male","chopped_fish","March","dry","others"
"356",2,NA,"Stueng Traeng","male","pufferfish","March","dry","self"
"356",3.5,NA,"Stueng Traeng","male","pufferfish","March","dry","others"
"357",2,NA,"Stueng Traeng","male","chopped_fish","March","dry","self"
"357",2,NA,"Stueng Traeng","male","chopped_fish","March","dry","others"
"357",3,NA,"Stueng Traeng","male","sliced_fish","March","dry","self"
"357",6,NA,"Stueng Traeng","male","sliced_fish","March","dry","others"
"358",1.5,NA,"Stueng Traeng","male","chopped_fish","March","dry","self"
"358",7.5,NA,"Stueng Traeng","male","chopped_fish","March","dry","others"
"360",9,NA,"Stueng Traeng","male","chopped_fish","March","dry","self"
"360",10,NA,"Stueng Traeng","male","chopped_fish","March","dry","others"
"360",3,NA,"Stueng Traeng","male","sliced_fish","March","dry","self"
"360",13,NA,"Stueng Traeng","male","sliced_fish","March","dry","others"
"361",1,NA,"Stueng Traeng","male","chopped_fish","March","dry","self"
"361",2,NA,"Stueng Traeng","male","chopped_fish","March","dry","others"
"362",1,NA,"Stueng Traeng","male","chopped_fish","March","dry","self"
"362",2.5,NA,"Stueng Traeng","male","chopped_fish","March","dry","others"
"364",2.5,NA,"Stueng Traeng","male","chopped_fish","March","dry","self"
"364",1,NA,"Stueng Traeng","male","chopped_fish","March","dry","others"
"364",2,NA,"Stueng Traeng","male","sliced_fish","March","dry","self"
"364",10,NA,"Stueng Traeng","male","sliced_fish","March","dry","others"
"365",1,NA,"Stueng Traeng","male","chopped_fish","March","dry","self"
"365",1.25,NA,"Stueng Traeng","male","chopped_fish","March","dry","others"
"365",1,NA,"Stueng Traeng","male","sliced_fish","March","dry","self"
"365",1.5,NA,"Stueng Traeng","male","sliced_fish","March","dry","others"
"365",1.5,NA,"Stueng Traeng","male","pufferfish","March","dry","self"
"365",2,NA,"Stueng Traeng","male","pufferfish","March","dry","others"
"366",1,NA,"Stueng Traeng","male","chopped_fish","March","dry","self"
"366",2.5,NA,"Stueng Traeng","male","chopped_fish","March","dry","others"
"366",2.5,NA,"Stueng Traeng","male","sliced_fish","March","dry","self"
"366",7.25,NA,"Stueng Traeng","male","sliced_fish","March","dry","others"
"367",1.5,NA,"Stueng Traeng","male","chopped_fish","March","dry","self"
"367",2.5,NA,"Stueng Traeng","male","chopped_fish","March","dry","others"
"368",1.5,NA,"Stueng Traeng","male","chopped_fish","March","dry","self"
"368",1.5,NA,"Stueng Traeng","male","chopped_fish","March","dry","others"
"368",1.6,NA,"Stueng Traeng","male","sliced_fish","March","dry","self"
"368",1.6,NA,"Stueng Traeng","male","sliced_fish","March","dry","others"
"369",2.5,NA,"Stueng Traeng","male","chopped_fish","March","dry","self"
"369",5,NA,"Stueng Traeng","male","chopped_fish","March","dry","others"
"369",5,NA,"Stueng Traeng","male","sliced_fish","March","dry","self"
"369",8,NA,"Stueng Traeng","male","sliced_fish","March","dry","others"
"372",6,NA,"Stueng Traeng","male","chopped_fish","March","dry","self"
"372",8,NA,"Stueng Traeng","male","chopped_fish","March","dry","others"
"372",5,NA,"Stueng Traeng","male","sliced_fish","March","dry","self"
"372",10,NA,"Stueng Traeng","male","sliced_fish","March","dry","others"
"373",3,NA,"Stueng Traeng","male","chopped_fish","March","dry","self"
"373",7.5,NA,"Stueng Traeng","male","chopped_fish","March","dry","others"
"373",5,NA,"Stueng Traeng","male","sliced_fish","March","dry","self"
"373",7.5,NA,"Stueng Traeng","male","sliced_fish","March","dry","others"
"374",3,NA,"Stueng Traeng","male","chopped_fish","March","dry","self"
"374",5,NA,"Stueng Traeng","male","chopped_fish","March","dry","others"
"374",1,NA,"Stueng Traeng","male","sliced_fish","March","dry","self"
"374",1.5,NA,"Stueng Traeng","male","sliced_fish","March","dry","others"
"375",2,NA,"Stueng Traeng","male","chopped_fish","March","dry","self"
"375",5,NA,"Stueng Traeng","male","chopped_fish","March","dry","others"
"375",3,NA,"Stueng Traeng","male","sliced_fish","March","dry","self"
"375",5.5,NA,"Stueng Traeng","male","sliced_fish","March","dry","others"
"376",4,NA,"Stueng Traeng","male","chopped_fish","March","dry","self"
"376",4,NA,"Stueng Traeng","male","chopped_fish","March","dry","others"
"377",3,NA,"Stueng Traeng","male","chopped_fish","March","dry","self"
"377",10,NA,"Stueng Traeng","male","chopped_fish","March","dry","others"
"377",11,NA,"Stueng Traeng","male","sliced_fish","March","dry","self"
"377",2.5,NA,"Stueng Traeng","male","sliced_fish","March","dry","others"
"378",2.5,NA,"Stueng Traeng","male","chopped_fish","March","dry","self"
"378",3,NA,"Stueng Traeng","male","chopped_fish","March","dry","others"
"378",2.5,NA,"Stueng Traeng","male","sliced_fish","March","dry","self"
"378",4,NA,"Stueng Traeng","male","sliced_fish","March","dry","others"
"379",4.8,NA,"Stueng Traeng","male","chopped_fish","March","dry","self"
"379",4.8,NA,"Stueng Traeng","male","chopped_fish","March","dry","others"
"380",2.25,NA,"Stueng Traeng","male","chopped_fish","March","dry","self"
"380",3,NA,"Stueng Traeng","male","chopped_fish","March","dry","others"
"381",2,NA,"Kracheh","male","sliced_fish","March","dry","self"
"381",5,NA,"Kracheh","male","sliced_fish","March","dry","others"
"382",2.5,NA,"Kracheh","male","chopped_fish","March","dry","self"
"382",3,NA,"Kracheh","male","chopped_fish","March","dry","others"
"382",5,NA,"Kracheh","male","sliced_fish","March","dry","self"
"382",10,NA,"Kracheh","male","sliced_fish","March","dry","others"
"384",3.5,NA,"Kracheh","male","chopped_fish","March","dry","self"
"384",5,NA,"Kracheh","male","chopped_fish","March","dry","others"
"385",3,NA,"Kracheh","male","sliced_fish","March","dry","self"
"385",3,NA,"Kracheh","male","sliced_fish","March","dry","others"
"386",3,NA,"Stueng Traeng","male","chopped_fish","March","dry","self"
"386",4,NA,"Stueng Traeng","male","chopped_fish","March","dry","others"
"386",5,NA,"Stueng Traeng","male","sliced_fish","March","dry","self"
"386",5,NA,"Stueng Traeng","male","sliced_fish","March","dry","others"
"387",8,NA,"Stueng Traeng","male","chopped_fish","March","dry","self"
"387",8,NA,"Stueng Traeng","male","chopped_fish","March","dry","others"
"387",8,NA,"Stueng Traeng","male","sliced_fish","March","dry","self"
"387",8,NA,"Stueng Traeng","male","sliced_fish","March","dry","others"
"388",10,NA,"Stueng Traeng","male","chopped_fish","March","dry","self"
"388",10,NA,"Stueng Traeng","male","chopped_fish","March","dry","others"
"388",13,NA,"Stueng Traeng","male","sliced_fish","March","dry","self"
"388",13,NA,"Stueng Traeng","male","sliced_fish","March","dry","others"
"389",8,NA,"Stueng Traeng","male","chopped_fish","March","dry","self"
"389",8,NA,"Stueng Traeng","male","chopped_fish","March","dry","others"
"390",10,NA,"Stueng Traeng","male","chopped_fish","March","dry","self"
"390",10,NA,"Stueng Traeng","male","chopped_fish","March","dry","others"
"390",10,NA,"Stueng Traeng","male","sliced_fish","March","dry","self"
"390",10,NA,"Stueng Traeng","male","sliced_fish","March","dry","others"
"391",2,NA,"Stueng Traeng","female","chopped_fish","March","dry","self"
"391",5,NA,"Stueng Traeng","female","chopped_fish","March","dry","others"
"391",2,NA,"Stueng Traeng","female","sliced_fish","March","dry","self"
"391",5,NA,"Stueng Traeng","female","sliced_fish","March","dry","others"
"393",1,NA,"Stueng Traeng","female","chopped_fish","March","dry","self"
"393",2.5,NA,"Stueng Traeng","female","chopped_fish","March","dry","others"
"393",5,NA,"Stueng Traeng","female","sliced_fish","March","dry","self"
"393",10,NA,"Stueng Traeng","female","sliced_fish","March","dry","others"
"394",1,NA,"Stueng Traeng","female","chopped_fish","March","dry","self"
"394",2.5,NA,"Stueng Traeng","female","chopped_fish","March","dry","others"
"394",3,NA,"Stueng Traeng","female","sliced_fish","March","dry","self"
"394",7.5,NA,"Stueng Traeng","female","sliced_fish","March","dry","others"
"395",1,NA,"Stueng Traeng","female","chopped_fish","March","dry","self"
"395",2,NA,"Stueng Traeng","female","chopped_fish","March","dry","others"
"397",1,NA,"Stueng Traeng","male","chopped_fish","March","dry","self"
"397",5,NA,"Stueng Traeng","male","chopped_fish","March","dry","others"
"397",5,NA,"Stueng Traeng","male","sliced_fish","March","dry","self"
"397",10,NA,"Stueng Traeng","male","sliced_fish","March","dry","others"
"399",1,NA,"Stueng Traeng","female","chopped_fish","March","dry","self"
"399",2,NA,"Stueng Traeng","female","chopped_fish","March","dry","others"
"399",1,NA,"Stueng Traeng","female","sliced_fish","March","dry","self"
"399",2.5,NA,"Stueng Traeng","female","sliced_fish","March","dry","others"
"400",2,NA,"Stueng Traeng","female","sliced_fish","March","dry","self"
"400",5,NA,"Stueng Traeng","female","sliced_fish","March","dry","others"
"401",5,NA,"Stueng Traeng","female","chopped_fish","March","dry","self"
"401",5,NA,"Stueng Traeng","female","chopped_fish","March","dry","others"
"401",15,NA,"Stueng Traeng","female","sliced_fish","March","dry","self"
"401",15,NA,"Stueng Traeng","female","sliced_fish","March","dry","others"
"402",20,NA,"Stueng Traeng","female","chopped_fish","March","dry","self"
"402",20,NA,"Stueng Traeng","female","chopped_fish","March","dry","others"
"402",20,NA,"Stueng Traeng","female","sliced_fish","March","dry","self"
"402",20,NA,"Stueng Traeng","female","sliced_fish","March","dry","others"
"403",15,NA,"Stueng Traeng","female","chopped_fish","March","dry","self"
"403",15,NA,"Stueng Traeng","female","chopped_fish","March","dry","others"
"403",10,NA,"Stueng Traeng","female","sliced_fish","March","dry","self"
"403",10,NA,"Stueng Traeng","female","sliced_fish","March","dry","others"
"404",10,NA,"Stueng Traeng","female","sliced_fish","March","dry","self"
"404",10,NA,"Stueng Traeng","female","sliced_fish","March","dry","others"
"405",5,NA,"Stueng Traeng","female","chopped_fish","March","dry","self"
"405",10,NA,"Stueng Traeng","female","chopped_fish","March","dry","others"
"405",6,NA,"Stueng Traeng","female","sliced_fish","March","dry","self"
"405",10,NA,"Stueng Traeng","female","sliced_fish","March","dry","others"
"406",2,NA,"Stueng Traeng","female","chopped_fish","March","dry","self"
"406",5,NA,"Stueng Traeng","female","chopped_fish","March","dry","others"
"406",5,NA,"Stueng Traeng","female","sliced_fish","March","dry","self"
"406",15,NA,"Stueng Traeng","female","sliced_fish","March","dry","others"
"407",2,NA,"Stueng Traeng","male","chopped_fish","March","dry","self"
"407",2.5,NA,"Stueng Traeng","male","chopped_fish","March","dry","others"
"407",3,NA,"Stueng Traeng","male","sliced_fish","March","dry","self"
"407",5,NA,"Stueng Traeng","male","sliced_fish","March","dry","others"
"407",6,NA,"Stueng Traeng","male","pufferfish","March","dry","others"
"408",0.5,NA,"Stueng Traeng","female","chopped_fish","March","dry","self"
"408",1.25,NA,"Stueng Traeng","female","chopped_fish","March","dry","others"
"408",0.5,NA,"Stueng Traeng","female","sliced_fish","March","dry","self"
"408",1.25,NA,"Stueng Traeng","female","sliced_fish","March","dry","others"
"409",2,NA,"Stueng Traeng","female","sliced_fish","March","dry","self"
"409",5,NA,"Stueng Traeng","female","sliced_fish","March","dry","others"
"410",2,NA,"Stueng Traeng","female","chopped_fish","March","dry","self"
"410",3.5,NA,"Stueng Traeng","female","chopped_fish","March","dry","others"
"410",3,NA,"Stueng Traeng","female","sliced_fish","March","dry","self"
"410",5,NA,"Stueng Traeng","female","sliced_fish","March","dry","others"
"411",3,NA,"Stueng Traeng","female","sliced_fish","March","dry","self"
"411",7.5,NA,"Stueng Traeng","female","sliced_fish","March","dry","others"
"412",2,NA,"Stueng Traeng","female","sliced_fish","March","dry","self"
"412",5,NA,"Stueng Traeng","female","sliced_fish","March","dry","others"
"414",0.5,NA,"Stueng Traeng","female","chopped_fish","March","dry","self"
"414",2.5,NA,"Stueng Traeng","female","chopped_fish","March","dry","others"
"415",0.75,NA,"Stueng Traeng","female","chopped_fish","March","dry","self"
"415",0.75,NA,"Stueng Traeng","female","chopped_fish","March","dry","others"
"415",5,NA,"Stueng Traeng","female","sliced_fish","March","dry","self"
"415",5,NA,"Stueng Traeng","female","sliced_fish","March","dry","others"
"416",3,NA,"Stueng Traeng","female","chopped_fish","March","dry","self"
"416",9,NA,"Stueng Traeng","female","chopped_fish","March","dry","others"
"416",3,NA,"Stueng Traeng","female","sliced_fish","March","dry","self"
"416",9,NA,"Stueng Traeng","female","sliced_fish","March","dry","others"
"417",6,NA,"Stueng Traeng","female","chopped_fish","March","dry","self"
"417",20,NA,"Stueng Traeng","female","chopped_fish","March","dry","others"
"419",1,NA,"Stueng Traeng","female","chopped_fish","March","dry","self"
"419",3,NA,"Stueng Traeng","female","chopped_fish","March","dry","others"
"420",4,NA,"Stueng Traeng","female","chopped_fish","March","dry","self"
"420",15,NA,"Stueng Traeng","female","chopped_fish","March","dry","others"
"420",5,NA,"Stueng Traeng","female","sliced_fish","March","dry","self"
"420",7,NA,"Stueng Traeng","female","sliced_fish","March","dry","others"
"421",5,NA,"Stueng Traeng","female","chopped_fish","March","dry","others"
"421",5,NA,"Stueng Traeng","female","sliced_fish","March","dry","others"
"422",5,NA,"Stueng Traeng","female","chopped_fish","March","dry","self"
"422",15,NA,"Stueng Traeng","female","chopped_fish","March","dry","others"
"422",5,NA,"Stueng Traeng","female","sliced_fish","March","dry","self"
"422",15,NA,"Stueng Traeng","female","sliced_fish","March","dry","others"
"424",0.75,NA,"Stueng Traeng","female","chopped_fish","March","dry","self"
"424",3,NA,"Stueng Traeng","female","chopped_fish","March","dry","others"
"425",3,NA,"Stueng Traeng","female","chopped_fish","March","dry","others"
"425",5,NA,"Stueng Traeng","female","sliced_fish","March","dry","others"
"426",2,NA,"Stueng Traeng","female","chopped_fish","March","dry","self"
"426",2,NA,"Stueng Traeng","female","chopped_fish","March","dry","others"
"426",6,NA,"Stueng Traeng","female","sliced_fish","March","dry","self"
"426",6,NA,"Stueng Traeng","female","sliced_fish","March","dry","others"
"428",3,NA,"Stueng Traeng","female","chopped_fish","March","dry","self"
"428",5,NA,"Stueng Traeng","female","chopped_fish","March","dry","others"
"428",3,NA,"Stueng Traeng","female","sliced_fish","March","dry","self"
"428",5,NA,"Stueng Traeng","female","sliced_fish","March","dry","others"
"429",3,NA,"Stueng Traeng","female","sliced_fish","March","dry","self"
"429",5,NA,"Stueng Traeng","female","sliced_fish","March","dry","others"
"433",1,NA,"Stueng Traeng","female","chopped_fish","March","dry","self"
"433",1,NA,"Stueng Traeng","female","chopped_fish","March","dry","others"
"433",5,NA,"Stueng Traeng","female","sliced_fish","March","dry","others"
"435",2.5,NA,"Stueng Traeng","female","chopped_fish","March","dry","self"
"435",5,NA,"Stueng Traeng","female","chopped_fish","March","dry","others"
"437",2.25,NA,"Stueng Traeng","female","chopped_fish","March","dry","self"
"437",3,NA,"Stueng Traeng","female","chopped_fish","March","dry","others"
"440",5,NA,"Stueng Traeng","female","chopped_fish","March","dry","self"
"440",6,NA,"Stueng Traeng","female","chopped_fish","March","dry","others"
"440",10,NA,"Stueng Traeng","female","sliced_fish","March","dry","self"
"440",10,NA,"Stueng Traeng","female","sliced_fish","March","dry","others"
"441",8,NA,"Stueng Traeng","female","sliced_fish","March","dry","self"
"441",8,NA,"Stueng Traeng","female","sliced_fish","March","dry","others"
"442",4,NA,"Stueng Traeng","female","chopped_fish","March","dry","self"
"442",10,NA,"Stueng Traeng","female","chopped_fish","March","dry","others"
"443",5,NA,"Stueng Traeng","female","chopped_fish","March","dry","self"
"443",5,NA,"Stueng Traeng","female","chopped_fish","March","dry","others"
"443",15,NA,"Stueng Traeng","female","sliced_fish","March","dry","self"
"443",15,NA,"Stueng Traeng","female","sliced_fish","March","dry","others"
"444",5,NA,"Stueng Traeng","female","chopped_fish","March","dry","self"
"444",5,NA,"Stueng Traeng","female","chopped_fish","March","dry","others"
"444",5,NA,"Stueng Traeng","female","sliced_fish","March","dry","self"
"444",5,NA,"Stueng Traeng","female","sliced_fish","March","dry","others"
"445",5,NA,"Stueng Traeng","female","chopped_fish","March","dry","self"
"445",5,NA,"Stueng Traeng","female","chopped_fish","March","dry","others"
"445",5,NA,"Stueng Traeng","female","sliced_fish","March","dry","self"
"445",5,NA,"Stueng Traeng","female","sliced_fish","March","dry","others"
"446",2.5,NA,"Stueng Traeng","female","chopped_fish","March","dry","self"
"446",2.5,NA,"Stueng Traeng","female","chopped_fish","March","dry","others"
"446",4,NA,"Stueng Traeng","female","sliced_fish","March","dry","self"
"446",4,NA,"Stueng Traeng","female","sliced_fish","March","dry","others"
"447",13,NA,"Stueng Traeng","female","chopped_fish","March","dry","self"
"447",13,NA,"Stueng Traeng","female","chopped_fish","March","dry","others"
"447",13,NA,"Stueng Traeng","female","sliced_fish","March","dry","self"
"447",13,NA,"Stueng Traeng","female","sliced_fish","March","dry","others"
"448",5,NA,"Stueng Traeng","female","chopped_fish","March","dry","self"
"448",5,NA,"Stueng Traeng","female","chopped_fish","March","dry","others"
"448",10,NA,"Stueng Traeng","female","sliced_fish","March","dry","self"
"448",10,NA,"Stueng Traeng","female","sliced_fish","March","dry","others"
"449",1,NA,"Siem Bouk","male","chopped_fish","March","dry","self"
"449",2.5,NA,"Siem Bouk","male","chopped_fish","March","dry","others"
"449",2,NA,"Siem Bouk","male","sliced_fish","March","dry","self"
"449",5,NA,"Siem Bouk","male","sliced_fish","March","dry","others"
"450",5,NA,"Siem Bouk","male","chopped_fish","March","dry","others"
"450",15,NA,"Siem Bouk","male","sliced_fish","March","dry","others"
"451",3,NA,"Siem Bouk","female","chopped_fish","March","dry","others"
"451",4,NA,"Siem Bouk","female","sliced_fish","March","dry","others"
"452",2,NA,"Siem Bouk","male","chopped_fish","March","dry","self"
"452",5,NA,"Siem Bouk","male","chopped_fish","March","dry","others"
"453",1.5,NA,"Siem Bouk","male","chopped_fish","March","dry","self"
"453",5,NA,"Siem Bouk","male","chopped_fish","March","dry","others"
"454",1,NA,"Siem Bouk","male","chopped_fish","March","dry","self"
"454",2,NA,"Siem Bouk","male","chopped_fish","March","dry","others"
"455",2,NA,"Siem Bouk","male","chopped_fish","March","dry","self"
"455",5,NA,"Siem Bouk","male","chopped_fish","March","dry","others"
"456",1,NA,"Siem Bouk","male","chopped_fish","March","dry","self"
"456",3,NA,"Siem Bouk","male","chopped_fish","March","dry","others"
"456",3,NA,"Siem Bouk","male","pufferfish","March","dry","self"
"456",5,NA,"Siem Bouk","male","pufferfish","March","dry","others"
"457",2.5,NA,"Siem Bouk","male","chopped_fish","March","dry","self"
"457",2.5,NA,"Siem Bouk","male","chopped_fish","March","dry","others"
"457",20,NA,"Siem Bouk","male","sliced_fish","March","dry","self"
"457",20,NA,"Siem Bouk","male","sliced_fish","March","dry","others"
"458",2,NA,"Siem Bouk","female","pufferfish","March","dry","others"
"459",2,NA,"Siem Bouk","female","chopped_fish","March","dry","self"
"459",3.75,NA,"Siem Bouk","female","chopped_fish","March","dry","others"
"463",1,NA,"Siem Bouk","male","chopped_fish","March","dry","self"
"463",5,NA,"Siem Bouk","male","chopped_fish","March","dry","others"
"463",3,NA,"Siem Bouk","male","sliced_fish","March","dry","self"
"463",5,NA,"Siem Bouk","male","sliced_fish","March","dry","others"
"463",5,NA,"Siem Bouk","male","pufferfish","March","dry","self"
"469",3,NA,"Siem Bouk","female","chopped_fish","March","dry","self"
"469",5,NA,"Siem Bouk","female","chopped_fish","March","dry","others"
"469",3,NA,"Siem Bouk","female","sliced_fish","March","dry","self"
"469",5.5,NA,"Siem Bouk","female","sliced_fish","March","dry","others"
"470",3,NA,"Siem Bouk","female","chopped_fish","March","dry","self"
"470",3,NA,"Siem Bouk","female","chopped_fish","March","dry","others"
"471",5,NA,"Siem Bouk","female","chopped_fish","March","dry","self"
"471",10,NA,"Siem Bouk","female","chopped_fish","March","dry","others"
"471",5,NA,"Siem Bouk","female","sliced_fish","March","dry","self"
"471",10,NA,"Siem Bouk","female","sliced_fish","March","dry","others"
"472",5,NA,"Siem Bouk","female","chopped_fish","March","dry","self"
"472",10,NA,"Siem Bouk","female","chopped_fish","March","dry","others"
"472",5,NA,"Siem Bouk","female","sliced_fish","March","dry","self"
"472",10,NA,"Siem Bouk","female","sliced_fish","March","dry","others"
"473",2.5,NA,"Siem Bouk","female","chopped_fish","March","dry","self"
"473",2.5,NA,"Siem Bouk","female","chopped_fish","March","dry","others"
"473",5,NA,"Siem Bouk","female","sliced_fish","March","dry","self"
"473",10,NA,"Siem Bouk","female","sliced_fish","March","dry","others"
"474",5,NA,"Siem Bouk","female","chopped_fish","March","dry","self"
"474",5,NA,"Siem Bouk","female","chopped_fish","March","dry","others"
"474",5,NA,"Siem Bouk","female","sliced_fish","March","dry","self"
"474",7,NA,"Siem Bouk","female","sliced_fish","March","dry","others"
"475",3,NA,"Siem Bouk","female","chopped_fish","March","dry","self"
"475",8,NA,"Siem Bouk","female","chopped_fish","March","dry","others"
"475",10,NA,"Siem Bouk","female","sliced_fish","March","dry","self"
"475",10,NA,"Siem Bouk","female","sliced_fish","March","dry","others"
"476",2,NA,"Stueng Traeng","male","sliced_fish","March","dry","self"
"476",5,NA,"Stueng Traeng","male","sliced_fish","March","dry","others"
"477",3,NA,"Stueng Traeng","male","chopped_fish","March","dry","self"
"477",5,NA,"Stueng Traeng","male","chopped_fish","March","dry","others"
"477",3,NA,"Stueng Traeng","male","sliced_fish","March","dry","self"
"477",5,NA,"Stueng Traeng","male","sliced_fish","March","dry","others"
"479",1,NA,"Stueng Traeng","male","chopped_fish","March","dry","self"
"479",2.25,NA,"Stueng Traeng","male","chopped_fish","March","dry","others"
"479",5,NA,"Stueng Traeng","male","sliced_fish","March","dry","self"
"479",10,NA,"Stueng Traeng","male","sliced_fish","March","dry","others"
"480",1,NA,"Stueng Traeng","male","chopped_fish","March","dry","self"
"480",2.5,NA,"Stueng Traeng","male","chopped_fish","March","dry","others"
"480",10,NA,"Stueng Traeng","male","sliced_fish","March","dry","self"
"480",12.5,NA,"Stueng Traeng","male","sliced_fish","March","dry","others"
"481",2,NA,"Stueng Traeng","male","chopped_fish","March","dry","self"
"481",5,NA,"Stueng Traeng","male","chopped_fish","March","dry","others"
"482",3,NA,"Stueng Traeng","male","chopped_fish","March","dry","others"
"483",3,NA,"Stueng Traeng","male","chopped_fish","March","dry","self"
"483",5,NA,"Stueng Traeng","male","chopped_fish","March","dry","others"
"483",5,NA,"Stueng Traeng","male","sliced_fish","March","dry","self"
"483",10,NA,"Stueng Traeng","male","sliced_fish","March","dry","others"
"484",3,NA,"Stueng Traeng","female","chopped_fish","March","dry","self"
"484",5,NA,"Stueng Traeng","female","chopped_fish","March","dry","others"
"484",10,NA,"Stueng Traeng","female","sliced_fish","March","dry","self"
"484",15,NA,"Stueng Traeng","female","sliced_fish","March","dry","others"
"485",1.5,NA,"Stueng Traeng","female","chopped_fish","March","dry","self"
"485",1.5,NA,"Stueng Traeng","female","chopped_fish","March","dry","others"
"485",7,NA,"Stueng Traeng","female","sliced_fish","March","dry","others"
"486",8,NA,"Stueng Traeng","female","chopped_fish","March","dry","self"
"486",8,NA,"Stueng Traeng","female","chopped_fish","March","dry","others"
"486",10,NA,"Stueng Traeng","female","sliced_fish","March","dry","self"
"486",10,NA,"Stueng Traeng","female","sliced_fish","March","dry","others"
"487",5,NA,"Stueng Traeng","female","chopped_fish","March","dry","self"
"487",5,NA,"Stueng Traeng","female","chopped_fish","March","dry","others"
"487",5,NA,"Stueng Traeng","female","sliced_fish","March","dry","self"
"487",5,NA,"Stueng Traeng","female","sliced_fish","March","dry","others"
"488",10,NA,"Stueng Traeng","female","chopped_fish","March","dry","self"
"488",10,NA,"Stueng Traeng","female","chopped_fish","March","dry","others"
"488",10,NA,"Stueng Traeng","female","sliced_fish","March","dry","self"
"488",10,NA,"Stueng Traeng","female","sliced_fish","March","dry","others"
"490",5,NA,"Stueng Traeng","female","sliced_fish","March","dry","self"
"490",5,NA,"Stueng Traeng","female","sliced_fish","March","dry","others"
"493",3,NA,"Stueng Traeng","female","sliced_fish","March","dry","self"
"493",5.5,NA,"Stueng Traeng","female","sliced_fish","March","dry","others"
"495",2,NA,"Stueng Traeng","female","chopped_fish","March","dry","self"
"495",3.75,NA,"Stueng Traeng","female","chopped_fish","March","dry","others"
"495",2,NA,"Stueng Traeng","female","sliced_fish","March","dry","self"
"495",3.75,NA,"Stueng Traeng","female","sliced_fish","March","dry","others"
"496",2.5,NA,"Stueng Traeng","female","chopped_fish","March","dry","self"
"496",3.75,NA,"Stueng Traeng","female","chopped_fish","March","dry","others"
"496",2.5,NA,"Stueng Traeng","female","sliced_fish","March","dry","self"
"496",5,NA,"Stueng Traeng","female","sliced_fish","March","dry","others"
"498",1,NA,"Stueng Traeng","female","chopped_fish","March","dry","self"
"498",5,NA,"Stueng Traeng","female","chopped_fish","March","dry","others"
"499",7,NA,"Stueng Traeng","female","chopped_fish","March","dry","self"
"499",16,NA,"Stueng Traeng","female","chopped_fish","March","dry","others"
"499",7.5,NA,"Stueng Traeng","female","sliced_fish","March","dry","self"
"499",10,NA,"Stueng Traeng","female","sliced_fish","March","dry","others"
"502",2,NA,"Preaek Prasab","male","chopped_fish","March","dry","self"
"502",5,NA,"Preaek Prasab","male","chopped_fish","March","dry","others"
"502",5,NA,"Preaek Prasab","male","sliced_fish","March","dry","self"
"502",7,NA,"Preaek Prasab","male","sliced_fish","March","dry","others"
"503",1,NA,"Sambour","male","chopped_fish","March","dry","self"
"503",2.5,NA,"Sambour","male","chopped_fish","March","dry","others"
"504",1,NA,"Sambour","male","chopped_fish","March","dry","self"
"504",2.5,NA,"Sambour","male","chopped_fish","March","dry","others"
"504",3,NA,"Sambour","male","sliced_fish","March","dry","self"
"504",5,NA,"Sambour","male","sliced_fish","March","dry","others"
"505",1,NA,"Sambour","male","chopped_fish","March","dry","self"
"505",2,NA,"Sambour","male","chopped_fish","March","dry","others"
"505",2,NA,"Sambour","male","sliced_fish","March","dry","self"
"505",5,NA,"Sambour","male","sliced_fish","March","dry","others"
"506",1,NA,"Sambour","male","chopped_fish","March","dry","self"
"506",2.5,NA,"Sambour","male","chopped_fish","March","dry","others"
"506",2,NA,"Sambour","male","sliced_fish","March","dry","self"
"506",5,NA,"Sambour","male","sliced_fish","March","dry","others"
"507",1,NA,"Sambour","male","chopped_fish","March","dry","self"
"507",2.5,NA,"Sambour","male","chopped_fish","March","dry","others"
"507",2,NA,"Sambour","male","sliced_fish","March","dry","self"
"507",5,NA,"Sambour","male","sliced_fish","March","dry","others"
"508",10,NA,"Sambour","male","sliced_fish","March","dry","others"
"511",3,NA,"Sambour","male","chopped_fish","March","dry","others"
"511",3,NA,"Sambour","male","sliced_fish","March","dry","others"
"512",1,NA,"Sambour","male","chopped_fish","March","dry","self"
"512",5,NA,"Sambour","male","chopped_fish","March","dry","others"
"512",2,NA,"Sambour","male","sliced_fish","March","dry","self"
"512",7,NA,"Sambour","male","sliced_fish","March","dry","others"
"513",1,NA,"Sambour","male","chopped_fish","March","dry","self"
"513",5,NA,"Sambour","male","chopped_fish","March","dry","others"
"513",5,NA,"Sambour","male","sliced_fish","March","dry","self"
"513",10,NA,"Sambour","male","sliced_fish","March","dry","others"
"514",1,NA,"Sambour","male","chopped_fish","March","dry","self"
"514",5,NA,"Sambour","male","chopped_fish","March","dry","others"
"514",4,NA,"Sambour","male","sliced_fish","March","dry","self"
"514",10,NA,"Sambour","male","sliced_fish","March","dry","others"
"515",3,NA,"Sambour","male","chopped_fish","March","dry","self"
"515",5,NA,"Sambour","male","chopped_fish","March","dry","others"
"516",3,NA,"Sambour","male","pufferfish","March","dry","self"
"516",5,NA,"Sambour","male","pufferfish","March","dry","others"
"518",3,NA,"Sambour","male","pufferfish","March","dry","self"
"518",5,NA,"Sambour","male","pufferfish","March","dry","others"
"519",2.5,NA,"Sambour","male","chopped_fish","March","dry","self"
"519",3,NA,"Sambour","male","chopped_fish","March","dry","others"
"519",5,NA,"Sambour","male","sliced_fish","March","dry","self"
"519",10,NA,"Sambour","male","sliced_fish","March","dry","others"
"520",5,NA,"Sambour","male","chopped_fish","March","dry","self"
"520",10,NA,"Sambour","male","chopped_fish","March","dry","others"
"520",2,NA,"Sambour","male","sliced_fish","March","dry","self"
"520",2,NA,"Sambour","male","sliced_fish","March","dry","others"
"521",1,NA,"Sambour","female","chopped_fish","March","dry","self"
"521",2.5,NA,"Sambour","female","chopped_fish","March","dry","others"
"521",2,NA,"Sambour","female","sliced_fish","March","dry","self"
"521",5,NA,"Sambour","female","sliced_fish","March","dry","others"
"525",3,NA,"Sambour","female","chopped_fish","March","dry","self"
"525",7.5,NA,"Sambour","female","chopped_fish","March","dry","others"
"526",2,NA,"Sambour","female","chopped_fish","March","dry","self"
"526",5,NA,"Sambour","female","chopped_fish","March","dry","others"
"526",5,NA,"Sambour","female","sliced_fish","March","dry","self"
"526",10,NA,"Sambour","female","sliced_fish","March","dry","others"
"527",2,NA,"Sambour","female","chopped_fish","March","dry","self"
"527",5,NA,"Sambour","female","chopped_fish","March","dry","others"
"527",2,NA,"Sambour","female","sliced_fish","March","dry","self"
"527",5,NA,"Sambour","female","sliced_fish","March","dry","others"
"529",3,NA,"Sambour","female","chopped_fish","March","dry","others"
"529",5,NA,"Sambour","female","sliced_fish","March","dry","others"
"531",5,NA,"Sambour","female","chopped_fish","March","dry","others"
"532",5,NA,"Sambour","female","sliced_fish","March","dry","self"
"532",8,NA,"Sambour","female","sliced_fish","March","dry","others"
"533",2,NA,"Sambour","female","chopped_fish","March","dry","self"
"533",5,NA,"Sambour","female","chopped_fish","March","dry","others"
"533",4,NA,"Sambour","female","sliced_fish","March","dry","self"
"533",7,NA,"Sambour","female","sliced_fish","March","dry","others"
"533",0.25,NA,"Sambour","female","pufferfish","March","dry","self"
"533",0.35,NA,"Sambour","female","pufferfish","March","dry","others"
"535",8,NA,"Sambour","female","sliced_fish","March","dry","self"
"535",12,NA,"Sambour","female","sliced_fish","March","dry","others"
"536",2,NA,"Sambour","female","chopped_fish","March","dry","others"
"539",5,NA,"Sambour","female","sliced_fish","March","dry","self"
"539",7,NA,"Sambour","female","sliced_fish","March","dry","others"
"542",5,NA,"Sambour","female","chopped_fish","March","dry","others"
"542",10,NA,"Sambour","female","sliced_fish","March","dry","others"
"543",5,NA,"Sambour","female","chopped_fish","March","dry","self"
"543",10,NA,"Sambour","female","chopped_fish","March","dry","others"
"543",5,NA,"Sambour","female","sliced_fish","March","dry","self"
"543",15,NA,"Sambour","female","sliced_fish","March","dry","others"
"546",2.5,NA,"Sambour","female","chopped_fish","March","dry","self"
"546",3,NA,"Sambour","female","chopped_fish","March","dry","others"
"546",5,NA,"Sambour","female","sliced_fish","March","dry","self"
"546",10,NA,"Sambour","female","sliced_fish","March","dry","others"
"547",3,NA,"Sambour","male","chopped_fish","March","dry","others"
"547",3,NA,"Sambour","male","sliced_fish","March","dry","self"
"547",5,NA,"Sambour","male","sliced_fish","March","dry","others"
"548",1,NA,"Sambour","male","chopped_fish","March","dry","self"
"548",2.5,NA,"Sambour","male","chopped_fish","March","dry","others"
"548",1,NA,"Sambour","male","sliced_fish","March","dry","self"
"548",2.5,NA,"Sambour","male","sliced_fish","March","dry","others"
"550",2,NA,"Sambour","male","chopped_fish","March","dry","self"
"550",5,NA,"Sambour","male","chopped_fish","March","dry","others"
"552",3,NA,"Sambour","female","chopped_fish","March","dry","self"
"552",3,NA,"Sambour","female","chopped_fish","March","dry","others"
"553",2,NA,"Preaek Prasab","male","chopped_fish","March","dry","self"
"553",5,NA,"Preaek Prasab","male","chopped_fish","March","dry","others"
"554",2,NA,"Preaek Prasab","male","chopped_fish","March","dry","self"
"554",5,NA,"Preaek Prasab","male","chopped_fish","March","dry","others"
"555",3,NA,"Preaek Prasab","male","chopped_fish","March","dry","self"
"555",5,NA,"Preaek Prasab","male","chopped_fish","March","dry","others"
"555",1,NA,"Preaek Prasab","male","pufferfish","March","dry","self"
"555",5,NA,"Preaek Prasab","male","pufferfish","March","dry","others"
"556",2,NA,"Preaek Prasab","male","chopped_fish","March","dry","self"
"556",5,NA,"Preaek Prasab","male","chopped_fish","March","dry","others"
"556",2,NA,"Preaek Prasab","male","sliced_fish","March","dry","self"
"556",5,NA,"Preaek Prasab","male","sliced_fish","March","dry","others"
"557",5,NA,"Preaek Prasab","male","chopped_fish","March","dry","self"
"557",10,NA,"Preaek Prasab","male","chopped_fish","March","dry","others"
"559",2,NA,"Preaek Prasab","male","chopped_fish","March","dry","self"
"559",5,NA,"Preaek Prasab","male","chopped_fish","March","dry","others"
"560",2,NA,"Preaek Prasab","male","chopped_fish","March","dry","others"
"561",2,NA,"Preaek Prasab","male","chopped_fish","March","dry","others"
"563",5,NA,"Preaek Prasab","male","chopped_fish","March","dry","others"
"563",5,NA,"Preaek Prasab","male","sliced_fish","March","dry","others"
"564",1,NA,"Preaek Prasab","male","chopped_fish","March","dry","others"
"566",2,NA,"Preaek Prasab","female","chopped_fish","March","dry","self"
"566",5,NA,"Preaek Prasab","female","chopped_fish","March","dry","others"
"569",2,NA,"Preaek Prasab","female","chopped_fish","March","dry","self"
"569",5,NA,"Preaek Prasab","female","chopped_fish","March","dry","others"
"570",3,NA,"Preaek Prasab","female","chopped_fish","March","dry","others"
"573",2,NA,"Preaek Prasab","female","chopped_fish","March","dry","self"
"573",5,NA,"Preaek Prasab","female","chopped_fish","March","dry","others"
"575",3,NA,"Preaek Prasab","female","chopped_fish","March","dry","others"
"575",5,NA,"Preaek Prasab","female","sliced_fish","March","dry","others"
"576",2,NA,"Preaek Prasab","female","chopped_fish","March","dry","others"
"576",6,NA,"Preaek Prasab","female","sliced_fish","March","dry","others"
"577",2,NA,"Preaek Prasab","female","chopped_fish","March","dry","others"
"581",3,NA,"Preaek Prasab","male","chopped_fish","March","dry","self"
"581",5,NA,"Preaek Prasab","male","chopped_fish","March","dry","others"
"581",5,NA,"Preaek Prasab","male","sliced_fish","March","dry","self"
"581",10,NA,"Preaek Prasab","male","sliced_fish","March","dry","others"
"584",2,NA,"Preaek Prasab","male","chopped_fish","March","dry","self"
"584",5,NA,"Preaek Prasab","male","chopped_fish","March","dry","others"
"584",5,NA,"Preaek Prasab","male","sliced_fish","March","dry","self"
"584",7.5,NA,"Preaek Prasab","male","sliced_fish","March","dry","others"
"592",3,NA,"Preaek Prasab","male","chopped_fish","March","dry","self"
"592",5,NA,"Preaek Prasab","male","chopped_fish","March","dry","others"
"593",3,NA,"Preaek Prasab","male","chopped_fish","March","dry","self"
"593",5,NA,"Preaek Prasab","male","chopped_fish","March","dry","others"
"594",3,NA,"Preaek Prasab","male","chopped_fish","March","dry","self"
"594",5,NA,"Preaek Prasab","male","chopped_fish","March","dry","others"
"595",3,NA,"Preaek Prasab","male","chopped_fish","March","dry","self"
"595",5,NA,"Preaek Prasab","male","chopped_fish","March","dry","others"
"598",3,NA,"Preaek Prasab","female","chopped_fish","March","dry","self"
"598",4,NA,"Preaek Prasab","female","chopped_fish","March","dry","others"
"608",3,NA,"Preaek Prasab","female","chopped_fish","March","dry","self"
"608",5,NA,"Preaek Prasab","female","chopped_fish","March","dry","others"
"608",5,NA,"Preaek Prasab","female","sliced_fish","March","dry","self"
"608",10,NA,"Preaek Prasab","female","sliced_fish","March","dry","others"
"610",3,NA,"Preaek Prasab","female","chopped_fish","March","dry","self"
"610",5,NA,"Preaek Prasab","female","chopped_fish","March","dry","others"
"610",5,NA,"Preaek Prasab","female","sliced_fish","March","dry","self"
"610",15,NA,"Preaek Prasab","female","sliced_fish","March","dry","others"
"610",2,NA,"Preaek Prasab","female","pufferfish","March","dry","self"
"610",4,NA,"Preaek Prasab","female","pufferfish","March","dry","others"
"611",3,NA,"Preaek Prasab","female","chopped_fish","March","dry","self"
"611",5,NA,"Preaek Prasab","female","chopped_fish","March","dry","others"
"612",1,NA,"Preaek Prasab","female","chopped_fish","March","dry","self"
"612",3,NA,"Preaek Prasab","female","chopped_fish","March","dry","others"
"613",2,NA,"Preaek Prasab","female","chopped_fish","March","dry","self"
"613",5,NA,"Preaek Prasab","female","chopped_fish","March","dry","others"
"614",3,NA,"Preaek Prasab","female","chopped_fish","March","dry","self"
"614",5,NA,"Preaek Prasab","female","chopped_fish","March","dry","others"
"617",1,NA,"Sambour","female","chopped_fish","September","wet","self"
"617",2.5,NA,"Sambour","female","chopped_fish","September","wet","others"
"617",2,NA,"Sambour","female","sliced_fish","September","wet","self"
"617",5,NA,"Sambour","female","sliced_fish","September","wet","others"
"618",1,NA,"Sambour","female","chopped_fish","September","wet","self"
"618",4,NA,"Sambour","female","chopped_fish","September","wet","others"
"619",1,NA,"Sambour","female","chopped_fish","September","wet","self"
"619",2,NA,"Sambour","female","chopped_fish","September","wet","others"
"622",2,NA,"Sambour","female","chopped_fish","September","wet","self"
"622",5,NA,"Sambour","female","chopped_fish","September","wet","others"
"622",4,NA,"Sambour","female","sliced_fish","September","wet","self"
"622",7,NA,"Sambour","female","sliced_fish","September","wet","others"
"626",0.71,NA,"Sambour","female","chopped_fish","September","wet","self"
"626",5,NA,"Sambour","female","chopped_fish","September","wet","others"
"627",1.25,NA,"Sambour","female","sliced_fish","September","wet","self"
"627",6.25,NA,"Sambour","female","sliced_fish","September","wet","others"
"629",1,NA,"Sambour","female","chopped_fish","September","wet","self"
"629",2,NA,"Sambour","female","chopped_fish","September","wet","others"
"629",1.5,NA,"Sambour","female","sliced_fish","September","wet","self"
"629",5,NA,"Sambour","female","sliced_fish","September","wet","others"
"630",1,NA,"Sambour","female","chopped_fish","September","wet","self"
"630",2.5,NA,"Sambour","female","chopped_fish","September","wet","others"
"630",1.5,NA,"Sambour","female","sliced_fish","September","wet","self"
"630",5,NA,"Sambour","female","sliced_fish","September","wet","others"
"631",1,NA,"Sambour","male","chopped_fish","September","wet","self"
"631",2.5,NA,"Sambour","male","chopped_fish","September","wet","others"
"631",7,NA,"Sambour","male","sliced_fish","September","wet","self"
"631",13,NA,"Sambour","male","sliced_fish","September","wet","others"
"633",0.625,NA,"Sambour","male","sliced_fish","September","wet","self"
"633",3.75,NA,"Sambour","male","sliced_fish","September","wet","others"
"635",1.5,NA,"Sambour","female","chopped_fish","September","wet","self"
"635",2.5,NA,"Sambour","female","chopped_fish","September","wet","others"
"635",2,NA,"Sambour","female","sliced_fish","September","wet","self"
"635",5,NA,"Sambour","female","sliced_fish","September","wet","others"
"637",2.5,NA,"Sambour","female","chopped_fish","September","wet","self"
"637",5,NA,"Sambour","female","chopped_fish","September","wet","others"
"638",1,NA,"Sambour","male","chopped_fish","September","wet","self"
"638",2.5,NA,"Sambour","male","chopped_fish","September","wet","others"
"640",1,NA,"Sambour","female","chopped_fish","September","wet","self"
"640",2.5,NA,"Sambour","female","chopped_fish","September","wet","others"
"640",1,NA,"Sambour","female","pufferfish","September","wet","self"
"640",2,NA,"Sambour","female","pufferfish","September","wet","others"
"642",1,NA,"Sambour","female","chopped_fish","September","wet","self"
"642",2,NA,"Sambour","female","chopped_fish","September","wet","others"
"642",1,NA,"Sambour","female","sliced_fish","September","wet","self"
"642",2.5,NA,"Sambour","female","sliced_fish","September","wet","others"
"643",2,NA,"Sambour","female","chopped_fish","September","wet","others"
"643",3,NA,"Sambour","female","sliced_fish","September","wet","others"
"644",1,NA,"Sambour","female","chopped_fish","September","wet","self"
"644",2,NA,"Sambour","female","chopped_fish","September","wet","others"
"644",2,NA,"Sambour","female","sliced_fish","September","wet","self"
"644",10,NA,"Sambour","female","sliced_fish","September","wet","others"
"648",0.85,NA,"Sambour","female","chopped_fish","September","wet","self"
"648",1.5,NA,"Sambour","female","chopped_fish","September","wet","others"
"649",0.5,NA,"Sambour","female","chopped_fish","September","wet","self"
"649",1.5,NA,"Sambour","female","chopped_fish","September","wet","others"
"649",0.8,NA,"Sambour","female","sliced_fish","September","wet","self"
"649",1.5,NA,"Sambour","female","sliced_fish","September","wet","others"
"652",0.5,NA,"Sambour","female","chopped_fish","September","wet","self"
"652",2.5,NA,"Sambour","female","chopped_fish","September","wet","others"
"653",0.75,NA,"Sambour","female","chopped_fish","September","wet","self"
"653",3.75,NA,"Sambour","female","chopped_fish","September","wet","others"
"653",1,NA,"Sambour","female","sliced_fish","September","wet","self"
"653",5,NA,"Sambour","female","sliced_fish","September","wet","others"
"655",0.5,NA,"Sambour","male","chopped_fish","September","wet","self"
"655",2,NA,"Sambour","male","chopped_fish","September","wet","others"
"655",7,NA,"Sambour","male","sliced_fish","September","wet","self"
"655",2.5,NA,"Sambour","male","sliced_fish","September","wet","others"
"656",0.75,NA,"Sambour","male","chopped_fish","September","wet","self"
"656",1.5,NA,"Sambour","male","chopped_fish","September","wet","others"
"656",1,NA,"Sambour","male","sliced_fish","September","wet","self"
"656",2.5,NA,"Sambour","male","sliced_fish","September","wet","others"
"657",1,NA,"Sambour","male","chopped_fish","September","wet","self"
"657",2.5,NA,"Sambour","male","chopped_fish","September","wet","others"
"658",2.5,NA,"Sambour","male","chopped_fish","September","wet","self"
"658",7.5,NA,"Sambour","male","chopped_fish","September","wet","others"
"659",1.5,NA,"Sambour","male","chopped_fish","September","wet","self"
"659",10,NA,"Sambour","male","chopped_fish","September","wet","others"
"659",12.5,NA,"Sambour","male","sliced_fish","September","wet","others"
"660",1,NA,"Sambour","male","chopped_fish","September","wet","self"
"660",3,NA,"Sambour","male","chopped_fish","September","wet","others"
"660",12,NA,"Sambour","male","sliced_fish","September","wet","others"
"662",1,NA,"Sambour","male","chopped_fish","September","wet","self"
"662",2,NA,"Sambour","male","chopped_fish","September","wet","others"
"662",1.5,NA,"Sambour","male","sliced_fish","September","wet","self"
"662",10,NA,"Sambour","male","sliced_fish","September","wet","others"
"662",0.25,NA,"Sambour","male","pufferfish","September","wet","self"
"662",0.85,NA,"Sambour","male","pufferfish","September","wet","others"
"663",2.5,NA,"Sambour","male","sliced_fish","September","wet","self"
"663",5,NA,"Sambour","male","sliced_fish","September","wet","others"
"665",2,NA,"Sambour","male","chopped_fish","September","wet","self"
"665",5,NA,"Sambour","male","chopped_fish","September","wet","others"
"666",1,NA,"Sambour","female","chopped_fish","September","wet","self"
"666",5,NA,"Sambour","female","chopped_fish","September","wet","others"
"667",4,NA,"Sambour","female","chopped_fish","September","wet","self"
"667",5,NA,"Sambour","female","chopped_fish","September","wet","others"
"667",2,NA,"Sambour","female","sliced_fish","September","wet","self"
"667",5,NA,"Sambour","female","sliced_fish","September","wet","others"
"668",1.5,NA,"Sambour","female","chopped_fish","September","wet","self"
"668",4,NA,"Sambour","female","chopped_fish","September","wet","others"
"668",2,NA,"Sambour","female","sliced_fish","September","wet","self"
"668",8,NA,"Sambour","female","sliced_fish","September","wet","others"
"669",1.5,NA,"Sambour","female","chopped_fish","September","wet","self"
"669",2.5,NA,"Sambour","female","chopped_fish","September","wet","others"
"669",2.5,NA,"Sambour","female","sliced_fish","September","wet","self"
"669",5,NA,"Sambour","female","sliced_fish","September","wet","others"
"670",2,NA,"Sambour","female","chopped_fish","September","wet","self"
"670",5,NA,"Sambour","female","chopped_fish","September","wet","others"
"670",10,NA,"Sambour","female","sliced_fish","September","wet","self"
"670",40,NA,"Sambour","female","sliced_fish","September","wet","others"
"672",12.5,NA,"Sambour","male","chopped_fish","September","wet","others"
"672",15,NA,"Sambour","male","sliced_fish","September","wet","others"
"673",1.3,NA,"Sambour","male","chopped_fish","September","wet","others"
